library,replicate,sample,sample_type,sort_bin,concentration,date,number_cells,R1
lib51_53,A,TiteSeq_hDPP4_01_bin1,TiteSeq_hDPP4,1,1,221213,2979526,/uufs/chpc.utah.edu/common/home/starr-group1/sequencing/TNS/2022/221213_MERS-PDF2180_bc-seq/221213_s1_b1_S1_R1_001.fastq.gz
lib51_53,A,TiteSeq_hDPP4_01_bin2,TiteSeq_hDPP4,2,1,221213,1403409,/uufs/chpc.utah.edu/common/home/starr-group1/sequencing/TNS/2022/221213_MERS-PDF2180_bc-seq/221213_s1_b2_S2_R1_001.fastq.gz
lib51_53,A,TiteSeq_hDPP4_01_bin3,TiteSeq_hDPP4,3,1,221213,1288376,/uufs/chpc.utah.edu/common/home/starr-group1/sequencing/TNS/2022/221213_MERS-PDF2180_bc-seq/221213_s1_b3_S3_R1_001.fastq.gz
lib51_53,A,TiteSeq_hDPP4_01_bin4,TiteSeq_hDPP4,4,1,221213,1262113,/uufs/chpc.utah.edu/common/home/starr-group1/sequencing/TNS/2022/221213_MERS-PDF2180_bc-seq/221213_s1_b4_S4_R1_001.fastq.gz
lib51_53,A,TiteSeq_hDPP4_02_bin1,TiteSeq_hDPP4,1,2,221213,3407489,/uufs/chpc.utah.edu/common/home/starr-group1/sequencing/TNS/2022/221213_MERS-PDF2180_bc-seq/221213_s2_b1_S5_R1_001.fastq.gz
lib51_53,A,TiteSeq_hDPP4_02_bin2,TiteSeq_hDPP4,2,2,221213,1526544,/uufs/chpc.utah.edu/common/home/starr-group1/sequencing/TNS/2022/221213_MERS-PDF2180_bc-seq/221213_s2_b2_S6_R1_001.fastq.gz
lib51_53,A,TiteSeq_hDPP4_02_bin3,TiteSeq_hDPP4,3,2,221213,1153617,/uufs/chpc.utah.edu/common/home/starr-group1/sequencing/TNS/2022/221213_MERS-PDF2180_bc-seq/221213_s2_b3_S7_R1_001.fastq.gz
lib51_53,A,TiteSeq_hDPP4_02_bin4,TiteSeq_hDPP4,4,2,221213,1004697,/uufs/chpc.utah.edu/common/home/starr-group1/sequencing/TNS/2022/221213_MERS-PDF2180_bc-seq/221213_s2_b4_S8_R1_001.fastq.gz
lib51_53,A,TiteSeq_hDPP4_03_bin1,TiteSeq_hDPP4,1,3,221213,4374876,/uufs/chpc.utah.edu/common/home/starr-group1/sequencing/TNS/2022/221213_MERS-PDF2180_bc-seq/221213_s3_b1_S9_R1_001.fastq.gz
lib51_53,A,TiteSeq_hDPP4_03_bin2,TiteSeq_hDPP4,2,3,221213,1178077,/uufs/chpc.utah.edu/common/home/starr-group1/sequencing/TNS/2022/221213_MERS-PDF2180_bc-seq/221213_s3_b2_S10_R1_001.fastq.gz
lib51_53,A,TiteSeq_hDPP4_03_bin3,TiteSeq_hDPP4,3,3,221213,1107868,/uufs/chpc.utah.edu/common/home/starr-group1/sequencing/TNS/2022/221213_MERS-PDF2180_bc-seq/221213_s3_b3_S11_R1_001.fastq.gz
lib51_53,A,TiteSeq_hDPP4_03_bin4,TiteSeq_hDPP4,4,3,221213,719585,/uufs/chpc.utah.edu/common/home/starr-group1/sequencing/TNS/2022/221213_MERS-PDF2180_bc-seq/221213_s3_b4_S12_R1_001.fastq.gz
lib51_53,A,TiteSeq_hDPP4_04_bin1,TiteSeq_hDPP4,1,4,221213,4615914,/uufs/chpc.utah.edu/common/home/starr-group1/sequencing/TNS/2022/221213_MERS-PDF2180_bc-seq/221213_s4_b1_S13_R1_001.fastq.gz
lib51_53,A,TiteSeq_hDPP4_04_bin2,TiteSeq_hDPP4,2,4,221213,1149682,/uufs/chpc.utah.edu/common/home/starr-group1/sequencing/TNS/2022/221213_MERS-PDF2180_bc-seq/221213_s4_b2_S14_R1_001.fastq.gz
lib51_53,A,TiteSeq_hDPP4_04_bin3,TiteSeq_hDPP4,3,4,221213,710331,/uufs/chpc.utah.edu/common/home/starr-group1/sequencing/TNS/2022/221213_MERS-PDF2180_bc-seq/221213_s4_b3_S15_R1_001.fastq.gz
lib51_53,A,TiteSeq_hDPP4_04_bin4,TiteSeq_hDPP4,4,4,221213,123303,/uufs/chpc.utah.edu/common/home/starr-group1/sequencing/TNS/2022/221213_MERS-PDF2180_bc-seq/221213_s4_b4_S16_R1_001.fastq.gz
lib51_53,A,TiteSeq_hDPP4_05_bin1,TiteSeq_hDPP4,1,5,221213,5269498,/uufs/chpc.utah.edu/common/home/starr-group1/sequencing/TNS/2022/221213_MERS-PDF2180_bc-seq/221213_s5_b1_S17_R1_001.fastq.gz
lib51_53,A,TiteSeq_hDPP4_05_bin2,TiteSeq_hDPP4,2,5,221213,875320,/uufs/chpc.utah.edu/common/home/starr-group1/sequencing/TNS/2022/221213_MERS-PDF2180_bc-seq/221213_s5_b2_S18_R1_001.fastq.gz
lib51_53,A,TiteSeq_hDPP4_05_bin3,TiteSeq_hDPP4,3,5,221213,133991,/uufs/chpc.utah.edu/common/home/starr-group1/sequencing/TNS/2022/221213_MERS-PDF2180_bc-seq/221213_s5_b3_S19_R1_001.fastq.gz
lib51_53,A,TiteSeq_hDPP4_05_bin4,TiteSeq_hDPP4,4,5,221213,4635,/uufs/chpc.utah.edu/common/home/starr-group1/sequencing/TNS/2022/221213_MERS-PDF2180_bc-seq/221213_s5_b4_S20_R1_001.fastq.gz
lib51_53,A,TiteSeq_hDPP4_06_bin1,TiteSeq_hDPP4,1,6,221213,5868162,/uufs/chpc.utah.edu/common/home/starr-group1/sequencing/TNS/2022/221213_MERS-PDF2180_bc-seq/221213_s6_b1_S21_R1_001.fastq.gz
lib51_53,A,TiteSeq_hDPP4_06_bin2,TiteSeq_hDPP4,2,6,221213,311628,/uufs/chpc.utah.edu/common/home/starr-group1/sequencing/TNS/2022/221213_MERS-PDF2180_bc-seq/221213_s6_b2_S22_R1_001.fastq.gz
lib51_53,A,TiteSeq_hDPP4_06_bin3,TiteSeq_hDPP4,3,6,221213,5760,/uufs/chpc.utah.edu/common/home/starr-group1/sequencing/TNS/2022/221213_MERS-PDF2180_bc-seq/221213_s6_b3_S23_R1_001.fastq.gz
lib51_53,A,TiteSeq_hDPP4_06_bin4,TiteSeq_hDPP4,4,6,221213,586,/uufs/chpc.utah.edu/common/home/starr-group1/sequencing/TNS/2022/221213_MERS-PDF2180_bc-seq/221213_s6_b4_S24_R1_001.fastq.gz
lib51_53,A,TiteSeq_hDPP4_07_bin1,TiteSeq_hDPP4,1,7,221213,6185457,/uufs/chpc.utah.edu/common/home/starr-group1/sequencing/TNS/2022/221213_MERS-PDF2180_bc-seq/221213_s7_b1_S25_R1_001.fastq.gz
lib51_53,A,TiteSeq_hDPP4_07_bin2,TiteSeq_hDPP4,2,7,221213,182421,/uufs/chpc.utah.edu/common/home/starr-group1/sequencing/TNS/2022/221213_MERS-PDF2180_bc-seq/221213_s7_b2_S26_R1_001.fastq.gz
lib51_53,A,TiteSeq_hDPP4_07_bin3,TiteSeq_hDPP4,3,7,221213,5522,/uufs/chpc.utah.edu/common/home/starr-group1/sequencing/TNS/2022/221213_MERS-PDF2180_bc-seq/221213_s7_b3_S27_R1_001.fastq.gz
lib51_53,A,TiteSeq_hDPP4_07_bin4,TiteSeq_hDPP4,4,7,221213,303,/uufs/chpc.utah.edu/common/home/starr-group1/sequencing/TNS/2022/221213_MERS-PDF2180_bc-seq/221213_s7_b4_S28_R1_001.fastq.gz
lib51_53,A,TiteSeq_hDPP4_08_bin1,TiteSeq_hDPP4,1,8,221213,6432873,/uufs/chpc.utah.edu/common/home/starr-group1/sequencing/TNS/2022/221213_MERS-PDF2180_bc-seq/221213_s8_b1_S29_R1_001.fastq.gz
lib51_53,A,TiteSeq_hDPP4_08_bin2,TiteSeq_hDPP4,2,8,221213,175979,/uufs/chpc.utah.edu/common/home/starr-group1/sequencing/TNS/2022/221213_MERS-PDF2180_bc-seq/221213_s8_b2_S30_R1_001.fastq.gz
lib51_53,A,TiteSeq_hDPP4_08_bin3,TiteSeq_hDPP4,3,8,221213,2807,/uufs/chpc.utah.edu/common/home/starr-group1/sequencing/TNS/2022/221213_MERS-PDF2180_bc-seq/221213_s8_b3_S31_R1_001.fastq.gz
lib51_53,A,TiteSeq_hDPP4_08_bin4,TiteSeq_hDPP4,4,8,221213,234,/uufs/chpc.utah.edu/common/home/starr-group1/sequencing/TNS/2022/221213_MERS-PDF2180_bc-seq/221213_s8_b4_S32_R1_001.fastq.gz
lib51_53,A,TiteSeq_hDPP4_09_bin1,TiteSeq_hDPP4,1,9,221213,6131811,/uufs/chpc.utah.edu/common/home/starr-group1/sequencing/TNS/2022/221213_MERS-PDF2180_bc-seq/221213_s9_b1_S33_R1_001.fastq.gz
lib51_53,A,TiteSeq_hDPP4_09_bin2,TiteSeq_hDPP4,2,9,221213,573092,/uufs/chpc.utah.edu/common/home/starr-group1/sequencing/TNS/2022/221213_MERS-PDF2180_bc-seq/221213_s9_b2_S34_R1_001.fastq.gz
lib51_53,A,TiteSeq_hDPP4_09_bin3,TiteSeq_hDPP4,3,9,221213,814,/uufs/chpc.utah.edu/common/home/starr-group1/sequencing/TNS/2022/221213_MERS-PDF2180_bc-seq/221213_s9_b3_S35_R1_001.fastq.gz
lib51_53,A,TiteSeq_hDPP4_09_bin4,TiteSeq_hDPP4,4,9,221213,119,/uufs/chpc.utah.edu/common/home/starr-group1/sequencing/TNS/2022/221213_MERS-PDF2180_bc-seq/221213_s9_b4_S36_R1_001.fastq.gz
lib51_53,A,SortSeq_bin1,SortSeq,1,,221213,11620651,/uufs/chpc.utah.edu/common/home/starr-group1/sequencing/TNS/2022/221213_MERS-PDF2180_bc-seq/221213_lib51-53_bin1_1_S53_R1_001.fastq.gz; /uufs/chpc.utah.edu/common/home/starr-group1/sequencing/TNS/2022/221213_MERS-PDF2180_bc-seq/221213_lib51-53_bin1_2_S54_R1_001.fastq.gz; /uufs/chpc.utah.edu/common/home/starr-group1/sequencing/TNS/2022/221213_MERS-PDF2180_bc-seq/221213_lib51-53_bin1_3_S55_R1_001.fastq.gz
lib51_53,A,SortSeq_bin2,SortSeq,2,,221213,4448236,/uufs/chpc.utah.edu/common/home/starr-group1/sequencing/TNS/2022/221213_MERS-PDF2180_bc-seq/221213_lib51-53_bin2_1_S56_R1_001.fastq.gz; /uufs/chpc.utah.edu/common/home/starr-group1/sequencing/TNS/2022/221213_MERS-PDF2180_bc-seq/221213_lib51-53_bin2_2_S57_R1_001.fastq.gz
lib51_53,A,SortSeq_bin3,SortSeq,3,,221213,3402367,/uufs/chpc.utah.edu/common/home/starr-group1/sequencing/TNS/2022/221213_MERS-PDF2180_bc-seq/221213_lib51-53_bin3_1_S58_R1_001.fastq.gz; /uufs/chpc.utah.edu/common/home/starr-group1/sequencing/TNS/2022/221213_MERS-PDF2180_bc-seq/221213_lib51-53_bin3_2_S59_R1_001.fastq.gz
lib51_53,A,SortSeq_bin4,SortSeq,4,,221213,2678000,/uufs/chpc.utah.edu/common/home/starr-group1/sequencing/TNS/2022/221213_MERS-PDF2180_bc-seq/221213_lib51-53_bin4_1_S60_R1_001.fastq.gz; /uufs/chpc.utah.edu/common/home/starr-group1/sequencing/TNS/2022/221213_MERS-PDF2180_bc-seq/221213_lib51-53_bin4_2_S61_R1_001.fastq.gz
lib52_54,A,SortSeq_bin1,SortSeq,1,,221213,7023038,/uufs/chpc.utah.edu/common/home/starr-group1/sequencing/TNS/2023/230303_MERS-2180-expr-addl-reads/lib52_54_b1_1_S41_R1_001.fastq.gz; /uufs/chpc.utah.edu/common/home/starr-group1/sequencing/TNS/2023/230303_MERS-2180-expr-addl-reads/lib52_54_b1_2_S42_R1_001.fastq.gz; /uufs/chpc.utah.edu/common/home/starr-group1/sequencing/TNS/2023/230303_MERS-2180-expr-addl-reads/lib52_54_b1_3_S43_R1_001.fastq.gz
lib52_54,A,SortSeq_bin2,SortSeq,2,,221213,3977028,/uufs/chpc.utah.edu/common/home/starr-group1/sequencing/TNS/2022/221213_MERS-PDF2180_bc-seq/221213_lib52-54_bin2_1_S65_R1_001.fastq.gz; /uufs/chpc.utah.edu/common/home/starr-group1/sequencing/TNS/2022/221213_MERS-PDF2180_bc-seq/221213_lib52-54_bin2_2_S66_R1_001.fastq.gz
lib52_54,A,SortSeq_bin3,SortSeq,3,,221213,3640404,/uufs/chpc.utah.edu/common/home/starr-group1/sequencing/TNS/2023/230303_MERS-2180-expr-addl-reads/lib52_54_b3_1_S44_R1_001.fastq.gz; /uufs/chpc.utah.edu/common/home/starr-group1/sequencing/TNS/2023/230303_MERS-2180-expr-addl-reads/lib52_54_b3_2_S45_R1_001.fastq.gz
lib52_54,A,SortSeq_bin4,SortSeq,4,,221213,4523054,/uufs/chpc.utah.edu/common/home/starr-group1/sequencing/TNS/2022/221213_MERS-PDF2180_bc-seq/221213_lib52-54_bin4_1_S69_R1_001.fastq.gz; /uufs/chpc.utah.edu/common/home/starr-group1/sequencing/TNS/2022/221213_MERS-PDF2180_bc-seq/221213_lib52-54_bin4_2_S70_R1_001.fastq.gz