target,library,barcode,gene_mutations,substitutions,variant_call_support,has_substitutions
PnNL2018B,lib82,CAATAAACCGCACAGC,,,1,FALSE
PnNL2018B,lib82,ATATATACAACGATGA,,,1,FALSE
PnNL2018B,lib82,CTGGCATACTACCTAA,,,1,FALSE
PnNL2018B,lib82,AAGTCTAAAGCCAATG,,,1,FALSE
PnNL2018B_rpk,lib82,TGACAAATGCCATTTG,,,1,FALSE
PnNL2018B_rpk,lib82,AACTAATAGCCCGTGT,,,1,FALSE
PnNL2018B_rpk,lib82,CAAGTGGTGCATTATG,,,1,FALSE
PnNL2018B_rpk,lib82,TCCACCGCAACGTGCT,,,1,FALSE
PnNL2018B_rpk,lib82,AGATAATGCTCCAAAA,,,1,FALSE
PnNL2018B_rpk,lib82,CTATGTAGTAGAAAGA,,,1,FALSE
PnNL2018B_rpk,lib82,GACCCACCTACGCCGT,,,1,FALSE
PnNL2018B_rpk,lib82,ATAGTTAGCTATTAGA,,,1,FALSE
PnNL2018B,lib83,CAATAAACCGCACAGC,,,1,FALSE
PnNL2018B,lib83,ATATATACAACGATGA,,,1,FALSE
PnNL2018B,lib83,CTGGCATACTACCTAA,,,1,FALSE
PnNL2018B,lib83,AAGTCTAAAGCCAATG,,,1,FALSE
PnNL2018B_rpk,lib83,TGACAAATGCCATTTG,,,1,FALSE
PnNL2018B_rpk,lib83,AACTAATAGCCCGTGT,,,1,FALSE
PnNL2018B_rpk,lib83,CAAGTGGTGCATTATG,,,1,FALSE
PnNL2018B_rpk,lib83,TCCACCGCAACGTGCT,,,1,FALSE
PnNL2018B_rpk,lib83,AGATAATGCTCCAAAA,,,1,FALSE
PnNL2018B_rpk,lib83,CTATGTAGTAGAAAGA,,,1,FALSE
PnNL2018B_rpk,lib83,GACCCACCTACGCCGT,,,1,FALSE
PnNL2018B_rpk,lib83,ATAGTTAGCTATTAGA,,,1,FALSE